{
  "IsEncrypted": false,
  "Values": {
    "AzureWebJobsStorage": "",
    "FUNCTIONS_WORKER_RUNTIME": "python",
    "AZURE_SQL_CONNECTIONSTRING": "Driver={ODBC Driver 18 for SQL Server};Server=tcp:familyalbum-prod-sql-gajerhxssqswm.database.windows.net,1433;Database=FamilyAlbum;Uid=familyadmin;Pwd=YOUR_PASSWORD;Encrypt=yes;TrustServerCertificate=no;Connection Timeout=30;",
    "AZURE_STORAGE_CONNECTION_STRING": "DefaultEndpointsProtocol=https;AccountName=famprodgajerhxssqswm;AccountKey=YOUR_KEY;EndpointSuffix=core.windows.net",
    "BLOB_CONTAINER_NAME": "family-album-media"
  }
}
